"","X","Gender","GPA","ReligImp","MissClass","Seat","PartyDays","StudyHrs"
"1",1,"Female",3.7,"Fairly",1,"Back",5,3
"2",2,"Male",3.2,"Fairly",3,"Front",3,30
"3",3,"Female",3.01,"Fairly",0,"Middle",8,16
"4",4,"Female",3.77,"Not",0,"Middle",0,4
"5",5,"Male",3.28,"Not",0,"Middle",8,12
"6",6,"Female",2.8,"Fairly",0,"Middle",2,20
"7",7,"Male",2.5,"Fairly",3,"Back",1,4
"8",8,"Male",3.11,"Not",0,"Front",2,15
"9",9,"Male",3.15,"Fairly",2,"Back",15,7
"10",10,"Male",3.44,"Fairly",0,"Middle",1,40
"11",11,"Female",3.6,"Not",0,"Front",4,30
"12",12,"Female",3.3,"Not",0,"Back",10,15
"13",13,"Male",3.03,"Not",0,"Middle",2,10
"14",14,"Female",3.89,"Fairly",0,"Middle",9,3
"15",15,"Female",2.86,"Fairly",0,"Middle",1,7
"16",16,"Male",3.2,"Very",2,"Middle",3,7
"17",17,"Male",3.35,"Fairly",0,"Middle",5,4
"18",18,"Female",3.61,"Fairly",0,"Front",8,15
"19",19,"Female",2.5,"Fairly",0,"Front",8,15
"20",20,"Female",3.72,"Fairly",0,"Middle",7,20
"21",21,"Female",2.74,"Very",0,"Front",4,10
"22",22,"Male",3.75,"Not",0,"Front",8,10
"23",23,"Female",3,"Very",2,"Middle",4,35
"24",24,"Male",2.68,"Fairly",1,"Middle",1,12
"25",25,"Male",3.16,"Very",2,"Front",7,15
"26",26,"Male",2.47,"Fairly",2,"Front",4,2
"27",27,"Male",3.93,"Very",0,"Front",0,40
"28",28,"Female",3.46,"Fairly",0,"Front",0,7
"29",29,"Male",3.08,"Not",2,"Back",10,12
"30",30,"Female",3.02,"Fairly",2,"Middle",10,12
"31",31,"Female",3.94,"Not",0,"Front",8,2
"32",32,"Female",2.7,"Fairly",1,"Middle",3,5
"33",33,"Male",2.82,"Very",0,"Back",2,7
"34",34,"Male",3.48,"Not",0,"Middle",1,10
"35",35,"Female",2.9,"Very",1,"Middle",5,6
"36",36,"Male",3.29,"Not",0,"Middle",10,30
"37",37,"Female",3.81,"Fairly",0,"Front",12,15
"38",38,"Female",3.75,"Very",2,"Middle",0,10
"39",39,"Female",3.14,"Fairly",0,"Middle",10,14
"40",40,"Male",2.8,"Fairly",4,"Back",6,10
"41",41,"Female",3.18,"Fairly",1,"Middle",10,19
"42",42,"Female",3.49,"Fairly",0,"Front",2,24
"43",43,"Female",3,"Not",0,"Front",4,50
"44",44,"Male",3.67,"Fairly",0,"Middle",7,15
"45",45,"Female",3.04,"Fairly",1,"Front",6,20
"46",46,"Female",3.14,"Very",0,"Front",8,20
"47",47,"Female",3.69,"Fairly",0,"Front",10,25
"48",48,"Female",3.93,"Not",0,"Middle",10,13
"49",49,"Female",3.4,"Not",0,"Front",4,20
"50",50,"Female",3.68,"Fairly",0,"Middle",3,20
"51",51,"Female",3.16,"Not",1,"Back",12,5
"52",52,"Female",3.65,"Very",0,"Middle",12,30
"53",53,"Male",3.3,"Fairly",1,"Middle",9,15
"54",54,"Female",2.3,"Fairly",2,"Back",2,15
"55",55,"Male",2.6,"Fairly",0,"Front",5,35
"56",56,"Female",3.72,"Fairly",0,"Middle",12,20
"57",57,"Female",3.48,"Not",1,"Back",13,3
"58",58,"Male",3.59,"Fairly",0,"Middle",7,18
"59",59,"Male",2.1,"Fairly",2,"Front",2,4
"60",60,"Female",2.32,"Very",1,"Middle",6,10
"61",61,"Female",3.1,"Very",1,"Front",3,35
"62",62,"Female",2.57,"Fairly",1,"Middle",5,10
"63",63,"Male",2.4,"Very",1,"Middle",4,10
"64",64,"Male",2.98,"Fairly",2,"Back",3,20
"65",65,"Male",3.54,"Fairly",0,"Middle",2,20
"66",66,"Female",2.67,"Not",3,"Middle",2,2
"67",67,"Female",2.9,"Very",5,"Middle",7,10
"68",68,"Female",3.24,"Fairly",1,"Middle",11,22
"69",69,"Male",3.3,"Fairly",0,"Front",4,15
"70",70,"Female",3,"Fairly",1,"Middle",3,20
"71",71,"Female",3.7,"Fairly",0,"Middle",7,4
"72",72,"Male",3.18,"Not",1,"Back",11,30
"73",73,"Male",3.37,"Fairly",1,"Middle",12,10
"74",74,"Female",3.78,"Fairly",0,"Middle",22,5
"75",75,"Female",3.32,"Very",0,"Front",3,14
"76",76,"Female",3.28,"Fairly",1,"Middle",3,7
"77",77,"Female",3.22,"Fairly",0,"Middle",8,35
"78",78,"Male",2.8,"Fairly",1,"Middle",10,10
"79",79,"Female",3.69,"Fairly",0,"Front",1,10
"80",80,"Female",3.4,"Not",0,"Front",8,10
"81",81,"Female",3.81,"Very",1,"Middle",4,7
"82",82,"Male",2.72,"Not",0,"Front",0,4
"83",83,"Male",2.34,"Fairly",2,"Back",15,2
"84",84,"Female",3.16,"Not",0,"Front",5,25
"85",85,"Male",3.3,"Fairly",1,"Middle",12,20
"86",86,"Male",1.91,"Very",2,"Back",15,10
"87",87,"Male",3.03,"Fairly",0,"Middle",4,3
"88",88,"Male",3.37,"Fairly",0,"Middle",3,9
"89",89,"Male",3.01,"Not",1,"Back",9,2
"90",90,"Male",2.6,"Fairly",0,"Back",12,3
"91",91,"Male",1.57,"Very",0,"Middle",0,5
"92",92,"Female",3,"Very",2,"Middle",3,10
"93",93,"Male",3.22,"Fairly",1,"Back",10,5
"94",94,"Male",3.45,"Fairly",1,"Back",10,8
"95",95,"Male",2.71,"Very",0,"Middle",4,7
"96",96,"Female",3.72,"Very",0,"Middle",8,40
"97",97,"Male",2.25,"Not",3,"Back",1,2
"98",99,"Male",3.89,"Not",0,"Middle",8,10
"99",101,"Female",3.28,"Very",0,"Front",3,10
"100",102,"Female",2.98,"Fairly",0,"Middle",5,12
"101",103,"Female",2.9,"Fairly",0,"Front",7,40
"102",104,"Female",3.49,"Fairly",0,"Middle",9,25
"103",105,"Female",2.95,"Fairly",1,"Middle",9,10
"104",106,"Female",3.64,"Not",1,"Back",6,30
"105",107,"Female",2.5,"Very",0,"Middle",3,10
"106",108,"Male",3,"Not",0,"Back",2,10
"107",109,"Female",3.27,"Not",0,"Middle",6,25
"108",110,"Female",3.08,"Fairly",1,"Middle",6,20
"109",111,"Female",3.53,"Very",1,"Middle",1,7
"110",112,"Female",3.22,"Very",2,"Middle",12,24
"111",113,"Female",3.5,"Fairly",2,"Middle",10,12
"112",114,"Female",2.4,"Fairly",2,"Middle",10,20
"113",115,"Female",2.9,"Fairly",0,"Back",3,20
"114",116,"Female",3.43,"Very",0,"Front",6,10
"115",117,"Male",3.6,"Fairly",0,"Middle",10,10
"116",118,"Female",3,"Fairly",1,"Middle",13,2
"117",119,"Male",2.95,"Very",1,"Front",6,18
"118",120,"Male",3.83,"Fairly",0,"Front",5,28
"119",121,"Female",3.26,"Not",0,"Middle",2,8
"120",122,"Male",3.88,"Fairly",0,"Middle",1,20
"121",123,"Female",3.6,"Fairly",1,"Middle",12,10
"122",124,"Female",2.9,"Very",0,"Front",8,8
"123",125,"Female",3.03,"Very",1,"Middle",6,30
"124",126,"Female",2.66,"Fairly",2,"Back",2,5
"125",127,"Female",3.77,"Fairly",0,"Middle",12,10
"126",128,"Female",3.3,"Fairly",1,"Middle",12,15
"127",129,"Female",3,"Very",1,"Middle",7,7
"128",130,"Female",2.58,"Not",0,"Back",9,10
"129",131,"Female",3.8,"Fairly",1,"Middle",13,2
"130",132,"Female",2.4,"Not",1,"Front",3,15
"131",133,"Female",3.81,"Fairly",0,"Middle",8,10
"132",134,"Female",3.16,"Very",1,"Middle",8,10
"133",135,"Female",3.24,"Fairly",1,"Front",6,10
"134",136,"Female",3.35,"Fairly",0,"Middle",8,15
"135",137,"Male",2,"Not",3,"Back",6,2
"136",138,"Female",3.8,"Fairly",5,"Middle",2,14
"137",139,"Male",2.27,"Not",5,"Middle",15,25
"138",140,"Female",3.53,"Very",0,"Front",5,12
"139",141,"Female",3.4,"Very",1,"Front",15,30
"140",142,"Female",2.98,"Very",1,"Middle",2,10
"141",143,"Female",3.45,"Not",0,"Middle",5,10
"142",144,"Male",2.87,"Fairly",1,"Middle",15,28
"143",145,"Male",2.5,"Fairly",0,"Front",4,3
"144",146,"Female",2.32,"Not",1,"Front",1,25
"145",147,"Female",2.95,"Fairly",1,"Middle",9,8
"146",148,"Male",3.54,"Fairly",0,"Back",6,6
"147",149,"Male",3.18,"Fairly",2,"Back",9,10
"148",150,"Female",3.65,"Fairly",0,"Middle",6,70
"149",152,"Female",2,"Fairly",1,"Back",1,10
"150",153,"Female",3.08,"Fairly",0,"Front",12,4
"151",154,"Female",3.7,"Not",1,"Middle",14,19
"152",155,"Male",3.3,"Not",0,"Middle",0,28
"153",156,"Female",2.89,"Very",0,"Middle",3,10
"154",157,"Female",1.5,"Fairly",1,"Middle",4,20
"155",158,"Female",3,"Not",1,"Back",5,20
"156",159,"Male",1.96,"Fairly",2,"Back",9,25
"157",160,"Female",3.02,"Fairly",1,"Middle",10,13
"158",161,"Male",3.01,"Very",4,"Middle",15,7
"159",162,"Male",3.26,"Not",0,"Middle",5,20
"160",163,"Female",3.33,"Fairly",0,"Front",6,20
"161",164,"Female",3.64,"Fairly",0,"Middle",12,9
"162",165,"Male",3.21,"Fairly",1,"Back",16,4
"163",166,"Female",3.08,"Very",1,"Back",16,50
"164",167,"Female",3.87,"Fairly",0,"Middle",6,10
"165",168,"Male",3.54,"Not",0,"Middle",2,7
"166",169,"Female",2.8,"Very",2,"Middle",8,6
"167",170,"Female",3.87,"Very",0,"Front",0,14
"168",171,"Male",3.42,"Fairly",0,"Middle",4,25
"169",172,"Male",2.6,"Not",1,"Back",8,4
"170",173,"Male",3.54,"Not",0,"Middle",2,20
"171",174,"Male",3.7,"Not",0,"Middle",13,10
"172",175,"Female",3.62,"Very",1,"Middle",14,4
"173",176,"Male",3.2,"Fairly",0,"Middle",15,10
"174",177,"Female",3.08,"Fairly",2,"Middle",15,40
"175",178,"Female",2.37,"Fairly",1,"Front",3,30
"176",179,"Female",3.55,"Fairly",0,"Middle",7,8
"177",180,"Male",2.88,"Not",0,"Middle",1,5
"178",181,"Male",3.39,"Not",1,"Middle",2,20
"179",182,"Male",2.99,"Fairly",3,"Middle",12,15
"180",183,"Female",3.2,"Very",0,"Middle",1,14
"181",184,"Male",3.07,"Fairly",0,"Middle",5,20
"182",185,"Female",3,"Fairly",0,"Front",9,15
"183",186,"Female",2.67,"Very",2,"Middle",5,7
"184",187,"Male",2.79,"Fairly",1,"Front",2,5
"185",188,"Female",3.38,"Very",0,"Middle",6,25
"186",189,"Male",3.2,"Very",1,"Middle",6,10
"187",190,"Female",3.26,"Very",1,"Front",2,6
"188",191,"Female",3.73,"Fairly",0,"Middle",13,30
"189",192,"Female",3.28,"Very",0,"Front",2,28
"190",193,"Female",3.87,"Very",0,"Front",6,15
"191",194,"Male",2.8,"Not",1,"Middle",20,5
"192",195,"Male",3.41,"Very",0,"Back",2,10
"193",196,"Male",1.74,"Not",0,"Front",4,14
"194",197,"Female",3.25,"Not",3,"Back",16,3
"195",198,"Female",3.44,"Not",0,"Middle",12,7
"196",199,"Male",3.4,"Not",0,"Middle",6,21
"197",200,"Male",2.18,"Fairly",1,"Front",3,30
"198",201,"Female",3.34,"Fairly",3,"Middle",20,6
"199",202,"Female",3.5,"Fairly",0,"Front",1,14
"200",203,"Female",3.45,"Fairly",0,"Front",2,12
"201",204,"Male",2.9,"Not",1,"Middle",13,12
"202",205,"Female",3.33,"Not",1,"Middle",1,5
"203",206,"Male",3.15,"Very",0,"Front",3,4
"204",207,"Male",2.54,"Fairly",2,"Back",3,30
"205",208,"Male",3.3,"Not",0,"Front",5,15
"206",209,"Female",3.6,"Very",1,"Middle",17,16
"207",210,"Male",3.59,"Not",0,"Middle",5,15
"208",211,"Female",3.61,"Fairly",1,"Middle",16,5
"209",212,"Female",2.99,"Fairly",2,"Middle",13,3
"210",213,"Male",2.8,"Not",2,"Middle",8,5
"211",214,"Male",2.87,"Fairly",0,"Middle",12,15
"212",215,"Female",3.42,"Not",0,"Middle",10,10
"213",216,"Male",2.94,"Very",0,"Middle",6,6
"214",217,"Female",3.5,"Fairly",0,"Middle",8,12
"215",218,"Female",3.2,"Very",0,"Middle",5,50
"216",219,"Female",3.25,"Not",1,"Middle",16,20
"217",220,"Male",2.5,"Not",4,"Back",5,4
"218",221,"Male",3,"Fairly",0,"Back",1,2
"219",222,"Male",3.83,"Not",2,"Front",1,20
"220",223,"Male",3.58,"Very",2,"Back",8,25
"221",224,"Male",3.53,"Fairly",2,"Middle",8,25
"222",225,"Male",3.89,"Not",2,"Back",10,10
"223",226,"Male",2.2,"Fairly",2,"Front",4,2
"224",227,"Female",3,"Very",1,"Front",8,15
"225",228,"Female",3.7,"Very",1,"Middle",8,10
"226",229,"Female",3.69,"Fairly",0,"Middle",15,7
"227",230,"Female",2.9,"Very",1,"Middle",8,10
"228",231,"Female",4,"Very",0,"Front",3,25
"229",232,"Female",2.9,"Very",1,"Middle",8,6
"230",233,"Female",3.22,"Not",2,"Middle",1,10
"231",234,"Female",3.35,"Not",0,"Middle",25,6
"232",235,"Female",3.4,"Fairly",0,"Middle",19,22
"233",236,"Female",3.8,"Not",1,"Middle",5,2
"234",237,"Female",3.67,"Very",0,"Middle",5,16
"235",238,"Male",2.78,"Fairly",1,"Middle",15,10
"236",239,"Male",3,"Fairly",1,"Middle",7,10
"237",240,"Female",3.2,"Fairly",2,"Back",15,10
"238",241,"Female",3.13,"Very",0,"Middle",10,8
"239",242,"Male",3.18,"Not",1,"Back",6,10
"240",243,"Female",3.33,"Not",2,"Front",16,7
"241",244,"Male",3.07,"Fairly",0,"Middle",8,6
"242",245,"Female",3.87,"Not",0,"Back",4,4
"243",246,"Male",3.18,"Not",3,"Back",12,8
"244",247,"Female",2.83,"Fairly",0,"Front",1,5
"245",248,"Male",3.25,"Not",0,"Middle",0,6
"246",249,"Female",3.1,"Fairly",0,"Front",10,10
"247",250,"Male",2.5,"Not",1,"Middle",8,16
"248",251,"Female",3.3,"Not",0,"Back",12,10
"249",252,"Male",2.27,"Not",4,"Back",1,5
"250",253,"Male",3.42,"Fairly",2,"Middle",5,4
"251",254,"Female",3.32,"Fairly",1,"Middle",10,7
"252",255,"Female",3.54,"Not",1,"Front",12,9
"253",256,"Female",3.67,"Fairly",0,"Middle",0,25
"254",257,"Female",1.93,"Fairly",2,"Middle",3,5
"255",258,"Male",3.2,"Fairly",0,"Front",2,20
"256",259,"Female",3.18,"Not",1,"Back",10,10
"257",260,"Female",3.5,"Fairly",0,"Middle",3,7
"258",261,"Female",3.3,"Fairly",1,"Middle",18,10
"259",262,"Female",3.43,"Fairly",1,"Front",1,12
"260",263,"Male",3.08,"Not",3,"Back",20,10
"261",264,"Female",3.65,"Very",1,"Front",19,30
"262",265,"Male",3.7,"Fairly",0,"Back",0,22
"263",266,"Female",3.2,"Fairly",0,"Middle",4,20
"264",267,"Female",3.4,"Very",2,"Front",31,2
"265",268,"Male",3.2,"Fairly",1,"Middle",7,5
"266",269,"Male",2.08,"Not",2,"Middle",10,4
"267",270,"Female",3.92,"Very",0,"Middle",3,15
"268",271,"Female",3.93,"Not",0,"Middle",6,10
"269",272,"Female",3.5,"Not",1,"Middle",10,15
"270",273,"Female",3.85,"Not",0,"Front",2,20
"271",274,"Female",3.5,"Not",2,"Middle",11,5
"272",275,"Female",3.62,"Fairly",4,"Middle",16,2
"273",276,"Male",3,"Fairly",1,"Middle",4,15
"274",277,"Female",3.22,"Fairly",1,"Middle",15,14
"275",278,"Male",2.84,"Fairly",0,"Back",12,5
"276",279,"Male",3.33,"Not",2,"Middle",15,14
"277",280,"Female",3.72,"Fairly",0,"Middle",10,5
"278",281,"Female",3.94,"Very",0,"Middle",10,20
"279",282,"Male",3.95,"Not",5,"Back",2,10
"280",283,"Female",3.16,"Fairly",0,"Back",15,13
"281",284,"Male",2.9,"Fairly",1,"Middle",8,8
"282",285,"Male",3,"Fairly",1,"Middle",2,12
"283",286,"Male",2.17,"Not",2,"Middle",10,10
"284",287,"Male",3.35,"Fairly",0,"Front",10,27
"285",288,"Male",2.8,"Fairly",0,"Front",6,15
"286",289,"Female",2.88,"Fairly",2,"Middle",2,7
"287",290,"Female",3.4,"Very",0,"Middle",8,15
"288",291,"Male",3.21,"Very",0,"Middle",3,18
"289",292,"Male",3.65,"Fairly",1,"Back",20,15
"290",293,"Female",2.82,"Very",0,"Middle",12,14
"291",294,"Female",3.25,"Very",0,"Front",3,20
"292",295,"Female",3.93,"Not",3,"Back",3,3
"293",296,"Male",3,"Not",3,"Back",0,15
"294",297,"Female",3.81,"Fairly",3,"Middle",4,2
"295",298,"Male",2.13,"Very",0,"Middle",0,12
"296",299,"Female",3.3,"Not",0,"Front",5,40
"297",300,"Male",4,"Not",0,"Middle",0,20
"298",301,"Male",2.3,"Not",1,"Back",1,3
"299",302,"Female",3.5,"Not",2,"Back",9,3
"300",303,"Male",3.86,"Fairly",1,"Back",15,20
"301",304,"Female",3.3,"Not",1,"Middle",5,9
"303",306,"Female",3,"Very",0,"Middle",1,20
"304",307,"Male",3.49,"Not",0,"Middle",2,15
"305",308,"Female",3.2,"Very",0,"Middle",3,15
"306",309,"Male",3.25,"Fairly",0,"Middle",0,5
"307",310,"Female",3.91,"Not",0,"Middle",5,10
"308",311,"Female",3.5,"Fairly",0,"Middle",1,7
"309",312,"Male",3.63,"Fairly",0,"Front",2,12
"310",313,"Male",2.8,"Not",4,"Middle",10,10
"311",314,"Male",3.2,"Not",1,"Middle",10,10
"312",315,"Male",2.92,"Not",1,"Middle",10,15
"313",316,"Male",3.11,"Fairly",0,"Middle",8,15
"314",317,"Male",3.13,"Fairly",0,"Back",0,0
"315",318,"Female",2.72,"Not",1,"Middle",20,12
"316",319,"Female",3.63,"Very",1,"Front",1,35
"317",320,"Male",3,"Very",0,"Middle",4,40
"318",321,"Male",2.86,"Fairly",1,"Middle",15,5
"319",322,"Female",3.51,"Very",1,"Middle",2,6
"320",323,"Female",3.3,"Fairly",1,"Middle",5,15
"321",324,"Female",3.6,"Fairly",0,"Front",12,10
"322",325,"Male",3.2,"Very",2,"Back",2,6
"323",326,"Female",2.4,"Very",0,"Front",2,30
"324",327,"Female",3,"Fairly",3,"Middle",15,6
"325",328,"Female",3.74,"Very",0,"Middle",3,30
"326",329,"Male",4,"Not",0,"Front",5,10
"327",330,"Male",3.75,"Very",3,"Back",8,3
"328",331,"Male",2.5,"Very",4,"Middle",8,4
"329",332,"Female",2.75,"Not",1,"Back",5,15
"330",333,"Male",3.1,"Not",1,"Middle",7,8
"331",334,"Female",3.15,"Not",1,"Front",4,15
"332",335,"Female",2.97,"Not",1,"Middle",8,13
"333",336,"Male",2.81,"Very",0,"Middle",5,6
"334",337,"Male",3.7,"Very",0,"Front",2,16
"335",338,"Male",3.2,"Fairly",2,"Back",28,10
"336",339,"Female",3.67,"Not",0,"Front",3,20
"337",340,"Male",2.5,"Fairly",1,"Front",9,5
"338",341,"Male",2.7,"Fairly",1,"Middle",15,4
"339",342,"Female",3.75,"Fairly",0,"Middle",5,11
"340",343,"Male",2.4,"Fairly",1,"Back",8,4
"341",344,"Female",3.7,"Very",1,"Middle",15,20
"342",345,"Male",3,"Not",1,"Middle",10,12
"343",346,"Male",2.5,"Not",1,"Back",10,5
"344",347,"Male",3.61,"Very",1,"Back",0,20
"345",348,"Male",3,"Fairly",0,"Back",10,21
"346",349,"Male",2.5,"Not",3,"Back",12,12
"347",350,"Male",3.87,"Not",0,"Middle",3,40
"348",351,"Male",3.43,"Not",1,"Back",6,12
"349",352,"Female",3.49,"Not",2,"Back",5,4
"350",353,"Female",2.7,"Fairly",2,"Middle",8,6
"351",354,"Female",3.18,"Fairly",0,"Middle",15,13
"352",355,"Male",2.7,"Not",1,"Middle",10,8
"353",356,"Female",3.45,"Fairly",0,"Middle",9,9
"354",357,"Female",3.5,"Fairly",0,"Back",5,40
"355",358,"Male",2.99,"Not",1,"Back",5,10
"356",359,"Male",2.25,"Not",0,"Middle",4,10
"357",360,"Male",3.21,"Fairly",1,"Front",10,4
"358",361,"Male",3.2,"Fairly",0,"Front",7,5
"359",362,"Female",3.96,"Fairly",0,"Front",5,7
"360",363,"Female",3.52,"Fairly",1,"Middle",8,13
"361",364,"Male",3.48,"Fairly",2,"Middle",12,12
"362",365,"Female",3.2,"Fairly",0,"Back",15,15
"363",366,"Female",3.88,"Fairly",0,"Back",15,12
"364",367,"Female",3,"Fairly",0,"Middle",15,4
"365",368,"Male",3.15,"Fairly",2,"Back",12,10
"366",369,"Female",3.67,"Very",0,"Front",8,6
"367",370,"Male",3.93,"Fairly",0,"Middle",9,10
"368",371,"Male",2.8,"Fairly",0,"Middle",12,10
"369",372,"Male",2.7,"Fairly",2,"Back",10,10
"370",373,"Female",2.75,"Very",0,"Middle",1,9
"371",374,"Female",2.67,"Fairly",0,"Middle",8,10
"372",375,"Female",2.7,"Fairly",2,"Middle",10,21
"373",376,"Female",3.25,"Fairly",0,"Middle",5,15
"374",377,"Male",2.7,"Fairly",0,"Middle",8,20
"375",378,"Female",3.6,"Fairly",1,"Middle",10,15
"376",379,"Male",3.39,"Fairly",0,"Middle",13,11
"377",380,"Male",3.4,"Fairly",2,"Back",11,15
"378",381,"Female",3.4,"Fairly",2,"Middle",20,6
"379",382,"Male",3.79,"Not",0,"Back",8,15
"380",383,"Male",3,"Fairly",3,"Back",12,10
"381",384,"Female",2.67,"Fairly",0,"Front",20,12
"382",385,"Female",2.8,"Fairly",1,"Back",12,15
"383",386,"Female",3.1,"Very",2,"Back",10,10
"384",387,"Male",4,"Fairly",1,"Back",12,10
"385",388,"Male",2.67,"Fairly",0,"Middle",25,5
"386",389,"Female",3.3,"Not",1,"Middle",16,7
"387",390,"Male",3.2,"Not",0,"Front",0,11
"388",391,"Female",2.9,"Not",0,"Middle",15,15
"389",392,"Female",3.3,"Not",0,"Front",0,10
"390",393,"Female",3.4,"Fairly",1,"Middle",8,12
"391",394,"Female",3.05,"Fairly",1,"Front",2,8
"392",395,"Male",3.41,"Fairly",3,"Middle",15,15
"393",396,"Male",3.09,"Very",1,"Back",8,5
"394",397,"Male",2.95,"Not",2,"Middle",20,10
"395",398,"Female",3.03,"Not",0,"Back",12,12
"396",399,"Male",3.63,"Fairly",1,"Middle",2,20
"397",400,"Male",2.33,"Very",2,"Back",18,10
"398",401,"Female",2.5,"Fairly",1,"Middle",3,10
"399",402,"Female",3.48,"Fairly",2,"Back",15,10
"400",403,"Female",2.26,"Fairly",0,"Middle",10,12
"401",404,"Female",3.92,"Not",1,"Back",12,18
"402",405,"Male",3.75,"Very",0,"Middle",10,20
"403",406,"Male",3,"Fairly",1,"Middle",3,9
"404",407,"Male",3,"Fairly",2,"Back",5,7
"405",408,"Male",3.98,"Not",0,"Middle",6,55
"406",409,"Male",1.79,"Not",0,"Middle",4,4
"407",410,"Male",3.32,"Fairly",2,"Middle",5,4
"408",411,"Female",3.89,"Fairly",0,"Front",6,30
"409",412,"Male",2.6,"Fairly",1,"Front",5,25
"410",413,"Female",3.1,"Fairly",2,"Back",12,8
"411",414,"Female",3,"Not",1,"Middle",12,30
"412",415,"Female",2.6,"Fairly",2,"Middle",9,10
"413",416,"Male",3.42,"Fairly",2,"Middle",2,3
"414",417,"Female",3.3,"Not",0,"Back",0,12
"415",418,"Female",2.9,"Fairly",1,"Middle",10,10
"416",419,"Female",3.18,"Fairly",1,"Middle",15,4
"417",420,"Male",2.97,"Very",1,"Front",5,20
"418",421,"Female",2.5,"Not",2,"Back",15,4
"419",422,"Female",2.2,"Not",0,"Middle",2,30
"420",423,"Male",3.02,"Very",0,"Middle",0,40
"421",424,"Male",3.09,"Very",2,"Middle",2,6
"422",425,"Male",4,"Not",0,"Front",31,1
"423",427,"Male",2.3,"Fairly",1,"Back",10,6
"424",428,"Male",2.71,"Very",0,"Middle",5,30
"425",429,"Female",3.3,"Fairly",1,"Front",0,50
"426",430,"Male",2.75,"Fairly",0,"Middle",12,10
"427",431,"Female",3.01,"Not",2,"Back",6,12
"428",432,"Male",3.7,"Very",1,"Front",0,2
"429",433,"Female",3.58,"Fairly",1,"Middle",10,9
"430",434,"Female",3.7,"Fairly",0,"Middle",15,17
"431",436,"Female",3.19,"Fairly",0,"Front",0,8
"432",437,"Female",3.5,"Very",2,"Middle",4,10
"433",438,"Female",4,"Not",1,"Middle",31,10
"434",439,"Male",3.6,"Fairly",0,"Middle",17,35
"435",440,"Female",3.56,"Very",0,"Front",0,13
"436",441,"Male",3,"Fairly",3,"Middle",1,5
"437",442,"Female",3.3,"Fairly",0,"Middle",14,12
"438",443,"Female",2.6,"Fairly",1,"Middle",5,12
"439",444,"Male",2.8,"Not",2,"Front",10,20
"440",445,"Female",2.8,"Fairly",2,"Middle",4,4
"441",446,"Female",2.8,"Fairly",0,"Middle",10,10
"442",447,"Female",3.56,"Fairly",1,"Middle",1,7
"443",448,"Female",3.08,"Fairly",0,"Middle",8,6
"444",449,"Male",3.2,"Not",5,"Back",12,3
"445",450,"Male",2.5,"Very",0,"Middle",4,8
"446",451,"Female",2.65,"Fairly",0,"Middle",16,20
"447",452,"Female",3,"Very",0,"Front",1,12
"448",453,"Male",3.04,"Not",2,"Middle",12,10
"449",454,"Male",3.3,"Fairly",3,"Middle",8,12
"450",455,"Female",3.24,"Not",1,"Middle",6,3
"451",456,"Male",2.17,"Very",4,"Back",0,3
"452",457,"Male",3.21,"Very",2,"Middle",6,20
"453",458,"Male",3.07,"Not",1,"Front",10,15
"454",459,"Female",2.8,"Fairly",1,"Middle",1,25
"455",460,"Male",3.15,"Not",2,"Middle",4,5
"456",461,"Female",2.94,"Fairly",1,"Back",1,3
"457",462,"Female",2.5,"Not",0,"Middle",1,6
"458",463,"Female",3.92,"Very",1,"Middle",4,30
"459",464,"Male",3.36,"Not",0,"Middle",0,3
"460",465,"Female",3,"Fairly",0,"Middle",8,7
"461",466,"Female",4,"Fairly",0,"Middle",0,10
"462",467,"Female",4,"Not",0,"Front",2,8
"463",468,"Female",3.6,"Not",0,"Front",8,10
"464",469,"Female",3.54,"Very",0,"Middle",4,10
"465",470,"Female",2.51,"Not",2,"Middle",16,5
"466",471,"Female",3.36,"Fairly",1,"Middle",12,20
"467",472,"Female",2.6,"Very",2,"Middle",12,6
"468",473,"Female",3.36,"Fairly",1,"Back",6,10
"469",475,"Male",2.99,"Not",2,"Middle",3,8
"470",476,"Female",3.58,"Very",0,"Middle",15,20
"471",477,"Female",3.75,"Very",0,"Front",0,16
"472",478,"Female",3,"Not",1,"Back",10,8
"473",479,"Male",3,"Not",2,"Middle",16,5
"474",480,"Male",2,"Not",4,"Back",9,3
"475",481,"Male",3.24,"Not",2,"Front",12,10
"476",482,"Male",3.2,"Not",1,"Front",4,10
"477",483,"Male",2.91,"Not",1,"Back",9,15
"478",484,"Female",2.5,"Fairly",1,"Middle",12,20
"479",485,"Male",3.58,"Not",0,"Back",10,20
"480",486,"Female",2.8,"Fairly",0,"Middle",7,15
"481",487,"Male",3.7,"Not",1,"Middle",12,15
"482",488,"Female",3.59,"Very",0,"Middle",2,30
"483",489,"Female",3.56,"Fairly",1,"Middle",9,6
"484",490,"Female",3.68,"Fairly",0,"Front",16,10
"485",491,"Male",3.38,"Fairly",0,"Middle",8,12
"486",492,"Female",3,"Fairly",2,"Back",5,8
"487",493,"Male",3.13,"Very",3,"Front",8,4
"488",494,"Female",3.06,"Not",0,"Middle",12,7
"489",495,"Female",3.5,"Not",0,"Front",5,15
"490",496,"Male",3.1,"Not",0,"Middle",6,10
"491",497,"Female",3.07,"Fairly",2,"Middle",5,7
"492",498,"Male",3.64,"Fairly",0,"Front",4,30
"493",499,"Female",2.09,"Fairly",1,"Middle",6,5
"494",500,"Female",3.67,"Not",0,"Front",3,8
"495",501,"Female",3,"Fairly",1,"Middle",2,10
"496",502,"Female",3,"Not",1,"Middle",16,10
"497",503,"Female",3.3,"Fairly",1,"Back",12,6
"498",504,"Male",3.09,"Very",0,"Front",0,30
"499",505,"Female",3.65,"Fairly",2,"Middle",15,15
"500",506,"Male",3.19,"Not",5,"Back",15,10
"501",507,"Female",2.95,"Fairly",1,"Middle",6,10
"502",508,"Female",3.76,"Not",0,"Middle",2,20
"503",509,"Female",3.28,"Very",0,"Middle",0,48
"504",510,"Female",3.8,"Not",1,"Middle",7,15
"505",511,"Male",2.66,"Fairly",1,"Middle",14,9
"506",512,"Female",3.5,"Very",1,"Back",12,4
"507",513,"Female",3.6,"Very",1,"Front",2,13
"508",514,"Male",2.68,"Very",1,"Front",3,10
"509",515,"Female",3.38,"Fairly",1,"Middle",10,10
"510",516,"Female",3.5,"Fairly",2,"Middle",8,25
"511",517,"Female",3.21,"Very",1,"Middle",4,4
"512",518,"Female",3,"Fairly",0,"Middle",5,2
"513",519,"Male",2.5,"Very",1,"Middle",2,6
"514",520,"Female",3.15,"Fairly",0,"Front",8,20
"515",521,"Female",3.2,"Fairly",1,"Front",10,20
"516",522,"Female",3.17,"Very",1,"Middle",5,10
"517",523,"Male",3.41,"Very",0,"Middle",10,20
"518",524,"Female",3.1,"Fairly",1,"Middle",3,5
"519",525,"Female",3.3,"Not",1,"Middle",1,12
"520",526,"Female",3.14,"Fairly",1,"Middle",6,9
"521",527,"Male",2.9,"Fairly",2,"Middle",12,10
"522",528,"Male",2.8,"Fairly",2,"Middle",12,10
"523",529,"Male",3.51,"Very",0,"Front",1,21
"524",530,"Female",2.98,"Not",0,"Middle",0,5
"525",531,"Female",2.37,"Not",1,"Middle",1,10
"526",532,"Female",3.5,"Fairly",0,"Middle",10,10
"527",533,"Female",3.31,"Fairly",1,"Middle",2,4
"528",534,"Female",3.18,"Fairly",0,"Middle",10,10
"529",535,"Female",3.56,"Fairly",0,"Back",11,8
"530",536,"Male",3.5,"Not",4,"Middle",25,10
"531",537,"Female",3.2,"Not",0,"Middle",12,20
"532",538,"Female",2.94,"Not",1,"Middle",2,2
"533",539,"Male",3.6,"Very",0,"Front",0,15
"534",540,"Female",2.9,"Fairly",1,"Middle",8,10
"535",541,"Male",3.25,"Not",2,"Back",10,5
"536",542,"Male",2.18,"Not",1,"Middle",8,14
"537",543,"Male",3.03,"Not",1,"Middle",5,12
"538",544,"Male",3.36,"Very",0,"Middle",7,30
"539",545,"Female",3.8,"Fairly",0,"Back",5,18
"540",546,"Female",3.43,"Fairly",0,"Middle",2,15
"541",547,"Female",3.2,"Fairly",2,"Back",12,8
"542",548,"Female",2.96,"Fairly",5,"Back",12,10
"543",549,"Male",3.88,"Fairly",0,"Middle",2,35
"544",550,"Female",3.03,"Not",3,"Middle",12,8
"545",551,"Male",2.92,"Fairly",2,"Front",10,7
"546",552,"Male",3.01,"Fairly",0,"Middle",15,12
"547",553,"Female",3.43,"Fairly",0,"Front",4,20
"548",554,"Male",3.43,"Not",0,"Middle",16,10
"549",555,"Female",3.59,"Fairly",0,"Middle",7,45
"550",556,"Male",3.65,"Fairly",2,"Back",18,5
"551",557,"Female",3.4,"Not",0,"Back",6,10
"552",558,"Male",3.59,"Not",0,"Back",0,40
"553",559,"Male",3.33,"Fairly",1,"Middle",10,10
"554",560,"Male",3.6,"Fairly",1,"Middle",2,10
"555",561,"Female",3.1,"Not",1,"Middle",20,10
"556",562,"Female",3.36,"Fairly",0,"Middle",20,20
"557",563,"Male",2.4,"Fairly",1,"Back",0,2
"558",564,"Male",3.07,"Not",3,"Middle",18,5
"559",565,"Female",2.2,"Fairly",3,"Front",2,5
"560",566,"Female",3.16,"Not",0,"Back",12,6
"561",567,"Male",3.1,"Fairly",3,"Back",18,5
"562",568,"Female",3.1,"Fairly",6,"Front",4,30
"563",569,"Male",3,"Not",0,"Middle",15,5
"564",570,"Female",3.61,"Not",0,"Middle",5,20
"565",571,"Female",2.5,"Very",1,"Middle",3,5
"566",572,"Female",2.57,"Fairly",1,"Middle",16,10
"567",573,"Female",3.6,"Very",0,"Front",0,15
"568",574,"Male",3.71,"Fairly",0,"Middle",5,20
"569",575,"Female",3.1,"Not",1,"Middle",2,20
"570",576,"Female",3.94,"Not",0,"Middle",6,15
"571",577,"Female",3.4,"Very",1,"Middle",2,7
"572",578,"Female",3.11,"Very",0,"Middle",8,25
"573",579,"Male",3.8,"Fairly",1,"Middle",10,10
"574",580,"Female",3.27,"Fairly",0,"Front",2,5
"575",581,"Male",3,"Fairly",2,"Back",12,4
"576",582,"Female",2.9,"Very",0,"Middle",10,12
"577",583,"Male",3.6,"Not",0,"Middle",15,10
"578",584,"Male",3.55,"Not",1,"Middle",1,10
"579",585,"Male",3.1,"Fairly",0,"Middle",8,20
"580",586,"Female",3.52,"Very",0,"Middle",14,20
"581",587,"Female",3.19,"Fairly",0,"Front",1,10
"582",588,"Male",3.24,"Fairly",0,"Middle",10,8
"583",589,"Male",2.9,"Not",3,"Back",10,3
"584",590,"Female",3.4,"Not",1,"Middle",14,4
"585",591,"Female",3,"Fairly",0,"Middle",12,4
"586",592,"Male",2.67,"Not",1,"Front",0,4
"587",593,"Female",3.3,"Fairly",0,"Middle",8,10
"588",594,"Female",3.4,"Not",0,"Middle",15,20
"589",595,"Female",2.86,"Not",2,"Front",3,5
"590",596,"Male",2.8,"Not",1,"Middle",4,20
"591",597,"Male",3.2,"Not",0,"Front",15,5
"592",598,"Female",3.96,"Very",0,"Middle",2,30
"593",599,"Male",3.42,"Not",2,"Middle",12,2
"594",600,"Male",2.8,"Very",3,"Back",5,7
"595",601,"Female",3.82,"Not",0,"Front",1,20
"596",602,"Female",3.13,"Not",0,"Middle",10,12
"597",603,"Male",3,"Not",0,"Middle",13,16
"598",604,"Female",3.02,"Fairly",0,"Middle",2,25
"599",605,"Male",3.2,"Very",1,"Middle",10,2
"600",606,"Female",3.37,"Not",2,"Back",4,3
"601",607,"Male",3.36,"Fairly",2,"Middle",8,10
"602",608,"Female",3.2,"Not",1,"Front",10,18
"603",610,"Male",3.19,"Very",1,"Middle",14,5
"604",611,"Male",2.7,"Not",2,"Back",2,5
"605",612,"Male",3.07,"Fairly",0,"Back",3,7
"606",613,"Male",3.47,"Not",2,"Middle",10,10
"607",614,"Female",3.81,"Very",1,"Middle",9,15
"608",615,"Male",3.33,"Not",2,"Middle",5,4
"609",616,"Female",3.65,"Not",0,"Middle",12,14
"610",617,"Female",3.64,"Very",1,"Middle",24,15
"611",618,"Male",2.7,"Not",2,"Middle",8,30
"612",619,"Male",2.91,"Not",1,"Middle",3,6
"613",620,"Female",3.5,"Fairly",4,"Middle",5,5
"614",621,"Male",2.8,"Not",1,"Back",3,6
"615",622,"Male",3.65,"Fairly",2,"Middle",14,5
"616",623,"Male",2.84,"Fairly",1,"Front",2,10
"617",624,"Female",3.08,"Very",1,"Front",5,5
"618",625,"Female",3.53,"Not",0,"Middle",4,12
"619",626,"Female",3.58,"Fairly",0,"Front",4,8
"620",627,"Male",3.45,"Fairly",2,"Middle",8,6
"621",628,"Male",2.9,"Fairly",0,"Middle",0,4
"622",629,"Male",3,"Fairly",2,"Middle",5,35
"623",630,"Male",3.85,"Not",2,"Middle",8,5
"624",631,"Female",3.1,"Not",0,"Front",3,35
"625",632,"Male",3.17,"Not",2,"Middle",13,8
"626",633,"Male",3.1,"Very",6,"Middle",4,30
"627",634,"Male",3.53,"Fairly",0,"Middle",11,18
"628",635,"Male",2.8,"Not",0,"Middle",5,8
"629",636,"Female",3.88,"Very",0,"Front",4,15
"630",637,"Male",2.7,"Fairly",0,"Middle",15,6
"631",638,"Male",2.1,"Fairly",2,"Middle",12,15
"632",639,"Female",3.83,"Not",3,"Back",8,12
"633",640,"Female",3.1,"Fairly",1,"Middle",9,9
"634",641,"Male",3.07,"Fairly",0,"Middle",8,15
"635",642,"Female",3.84,"Fairly",0,"Middle",5,20
"636",643,"Female",3.25,"Not",4,"Middle",12,6
"637",644,"Male",3.4,"Very",1,"Middle",15,10
"638",645,"Male",3.4,"Fairly",2,"Middle",12,12
"639",646,"Male",3.55,"Not",0,"Middle",4,10
"640",647,"Female",3.8,"Very",0,"Front",0,14
"641",648,"Female",3.64,"Very",0,"Front",5,25
"642",649,"Male",3.6,"Not",1,"Middle",10,7
"643",650,"Male",3.1,"Fairly",1,"Middle",10,10
"644",651,"Male",3.68,"Fairly",1,"Middle",3,10
"645",652,"Male",2.85,"Fairly",0,"Middle",20,14
"646",653,"Male",2.95,"Not",1,"Back",2,5
"647",654,"Female",3.2,"Not",2,"Front",15,7
"648",655,"Male",3.3,"Not",1,"Middle",16,10
"649",656,"Female",3.18,"Fairly",1,"Middle",17,7
"650",657,"Male",3.5,"Very",1,"Middle",9,6
"651",658,"Male",3.44,"Not",0,"Front",0,5
"652",659,"Female",2.48,"Fairly",2,"Back",7,10
"653",660,"Female",3.3,"Fairly",3,"Back",15,10
"654",661,"Female",3.17,"Very",3,"Back",12,9
"655",662,"Male",2.7,"Fairly",0,"Middle",8,20
"656",663,"Female",2.99,"Not",0,"Back",3,20
"657",664,"Male",3.04,"Fairly",0,"Front",0,7
"658",665,"Female",3,"Fairly",0,"Middle",9,10
"659",666,"Male",3.4,"Very",0,"Back",12,22
"660",667,"Male",3,"Very",0,"Front",4,48
"661",668,"Male",2.96,"Not",1,"Back",8,8
"662",669,"Female",3.13,"Very",2,"Middle",5,30
"663",670,"Male",2.99,"Fairly",1,"Middle",14,20
"664",671,"Female",3.69,"Very",2,"Middle",0,55
"665",672,"Female",2.9,"Not",2,"Back",15,5
"666",673,"Female",3.4,"Not",2,"Back",15,2
"667",674,"Male",3.6,"Fairly",0,"Front",5,5
"668",675,"Male",3.25,"Fairly",0,"Front",4,8
"669",676,"Female",3.7,"Not",0,"Middle",1,10
"670",677,"Female",3.6,"Not",0,"Front",14,10
"671",678,"Male",2.98,"Fairly",2,"Front",9,12
"672",679,"Male",2.65,"Not",1,"Back",3,2
"673",680,"Male",3.08,"Not",0,"Middle",4,10
"674",681,"Female",3.54,"Very",1,"Front",4,15
"675",682,"Male",3.3,"Not",1,"Front",6,6
"676",683,"Male",3.75,"Fairly",1,"Front",4,18
"677",684,"Female",2,"Very",1,"Middle",8,15
"678",685,"Female",2.83,"Not",1,"Middle",5,5
"679",686,"Male",2.9,"Not",1,"Middle",4,6
"680",687,"Female",3.53,"Not",0,"Middle",2,10
"681",688,"Female",2.77,"Fairly",0,"Middle",3,10
"682",689,"Female",2.91,"Fairly",3,"Front",6,25
"683",690,"Male",2.5,"Fairly",0,"Middle",9,6
